date,inflation_rate,interest_rate_diff,unemployment_diff,industrial_production_diff
1954-08-01,-0.00037237014021807013,0.41999999999999993,0.20000000000000018,-0.026899999999997704
1954-09-01,-0.0014908687070058768,-0.1499999999999999,0.09999999999999964,0.026899999999997704
1954-10-01,-0.0033626035794229736,-0.22000000000000008,-0.39999999999999947,0.21550000000000225
1954-11-01,0.0022429915945818557,-0.020000000000000018,-0.40000000000000036,0.29609999999999914
1954-12-01,-0.0003734827307653177,0.45000000000000007,-0.2999999999999998,0.24239999999999995
1955-01-01,0.0,0.10999999999999988,-0.09999999999999964,0.43079999999999785
1955-02-01,0.0018660203212710336,-0.09999999999999987,-0.20000000000000018,0.24239999999999995
1955-03-01,-0.0011191942970150137,0.06000000000000005,-0.10000000000000053,0.45770000000000266
1955-04-01,0.0,0.07999999999999985,0.10000000000000053,0.24239999999999995
1955-05-01,-0.0007468260242560198,0.0,-0.40000000000000036,0.32310000000000016
1955-06-01,-0.0022438304103920004,0.20999999999999996,-0.09999999999999964,0.02699999999999747
1955-07-01,0.0018702081381585245,0.040000000000000036,-0.20000000000000018,0.1615000000000002
1955-08-01,-0.0014958865915830621,0.28,0.20000000000000018,-0.026899999999997704
1955-09-01,0.00485347228642885,0.2200000000000002,-0.10000000000000053,0.13459999999999894
1955-10-01,-0.0011179431013412788,0.06000000000000005,0.20000000000000018,0.3501000000000012
1955-11-01,0.002234637801416195,0.10999999999999988,-0.09999999999999964,0.05379999999999896
1955-12-01,-0.00037209302754881435,0.1299999999999999,0.0,0.08079999999999998
1956-01-01,-0.0014897581898671852,-0.029999999999999805,-0.20000000000000018,0.1346999999999987
1956-02-01,0.0011175266575591536,0.04999999999999982,-0.10000000000000009,-0.18849999999999767
1956-03-01,0.001116279185681801,0.0,0.30000000000000027,0.0
1956-04-01,0.0014864365427338377,0.1200000000000001,-0.20000000000000018,0.1615000000000002
1956-05-01,0.003706453464848991,0.1299999999999999,0.2999999999999998,-0.18840000000000146
1956-06-01,0.004429686091588003,-0.040000000000000036,0.0,-0.18850000000000122
1956-07-01,0.005143288340302643,0.040000000000000036,0.10000000000000053,-0.6463000000000001
1956-08-01,0.0007326007653665201,-0.020000000000000018,-0.3000000000000007,0.8347000000000016
1956-09-01,0.0014635933823767822,0.2200000000000002,-0.19999999999999973,0.48470000000000013
1956-10-01,0.0058330460684929974,0.009999999999999787,0.0,0.18850000000000122
1956-11-01,0.0,-0.08000000000000007,0.3999999999999999,-0.18850000000000122
1956-12-01,0.004352563998841763,0.06000000000000005,-0.09999999999999964,0.32319999999999993
1957-01-01,0.0014466548635096999,-0.10000000000000009,0.0,-0.08079999999999998
1957-02-01,0.004687226897756691,0.16000000000000014,-0.30000000000000027,0.21539999999999893
1957-03-01,0.0021559476550683243,-0.040000000000000036,-0.19999999999999973,-0.026899999999997704
1957-04-01,0.0025094116054256155,0.040000000000000036,0.19999999999999973,-0.29620000000000246
1957-05-01,0.0025031302181184323,0.0,0.19999999999999973,-0.08079999999999998
1957-06-01,0.00392087474323688,0.0,0.20000000000000018,0.05390000000000228
1957-07-01,0.0028419202075804506,-0.009999999999999787,-0.09999999999999964,0.13459999999999894
1957-08-01,0.003187535902350991,0.25,-0.10000000000000053,0.0
1957-09-01,0.0014134277971469267,0.22999999999999998,0.3000000000000007,-0.18850000000000122
1957-10-01,0.0,0.029999999999999805,0.09999999999999964,-0.32310000000000016
1957-11-01,0.003172927040577367,-0.2200000000000002,0.5999999999999996,-0.5116999999999976
1957-12-01,0.002109705423849917,-0.2999999999999998,0.10000000000000053,-0.40390000000000015
1958-01-01,0.005953440802498378,-0.2599999999999998,0.5999999999999996,-0.37700000000000244
1958-02-01,0.0020927806731307896,-1.0500000000000003,0.6000000000000005,-0.43079999999999785
1958-03-01,0.005905870909268085,-0.47,0.2999999999999998,-0.24230000000000018
1958-04-01,0.002421727528494344,0.06000000000000005,0.7000000000000002,-0.32319999999999993
1958-05-01,0.0,-0.63,0.0,0.18849999999999767
1958-06-01,-0.0010371651750831212,0.30000000000000004,-0.10000000000000053,0.5116000000000014
1958-07-01,-0.0006920415501108224,-0.25,0.20000000000000018,0.2961999999999989
1958-08-01,0.0017292067251939436,0.85,-0.09999999999999964,0.40390000000000015
1958-09-01,-0.0010371651750831212,0.22999999999999998,-0.3000000000000007,0.188600000000001
1958-10-01,0.0,0.040000000000000036,-0.39999999999999947,0.24230000000000018
1958-11-01,0.001382647990749497,0.47,-0.5,0.6192999999999991
1958-12-01,0.0006906077622548246,0.1499999999999999,0.0,0.027000000000001023
1959-01-01,0.0013797863520537135,0.06000000000000005,-0.20000000000000018,0.32310000000000016
1959-02-01,-0.00034476814683870316,-0.04999999999999982,-0.09999999999999964,0.43079999999999785
1959-03-01,-0.0010350182052150103,0.36999999999999966,-0.3000000000000007,0.32319999999999993
1959-04-01,0.00034512511127715584,0.16000000000000014,-0.39999999999999947,0.48460000000000036
1959-05-01,0.0020682530640590002,-0.06000000000000005,-0.10000000000000053,0.3501000000000012
1959-06-01,0.0024075678009367607,0.4900000000000002,-0.09999999999999964,0.027000000000001023
1959-07-01,0.001373155038969287,0.08000000000000007,0.09999999999999964,-0.5655000000000001
1959-08-01,0.0010286302981383777,0.029999999999999805,0.10000000000000053,-0.780899999999999
1959-09-01,0.0023960305832257944,0.2599999999999998,0.2999999999999998,-0.027000000000001023
1959-10-01,0.0034129725962399604,0.2200000000000002,0.20000000000000018,-0.1615000000000002
1959-11-01,0.0,0.020000000000000018,0.09999999999999964,0.13459999999999894
1959-12-01,0.0020422062917981876,-0.009999999999999787,-0.5,1.3733000000000004
1960-01-01,-0.0013610073553746993,0.0,-0.09999999999999964,0.6192999999999991
1960-02-01,0.0013610073553746993,-0.020000000000000018,-0.40000000000000036,-0.21539999999999893
1960-03-01,0.0,-0.13000000000000034,0.6000000000000005,-0.21539999999999893
1960-04-01,0.004410524537330041,0.08000000000000007,-0.20000000000000018,-0.18850000000000122
1960-05-01,0.001015056761151989,-0.06999999999999984,-0.10000000000000053,-0.026900000000001256
1960-06-01,0.0013518082491144057,-0.5300000000000002,0.3000000000000007,-0.2961999999999989
1960-07-01,-0.002028398261392894,-0.08999999999999986,0.09999999999999964,-0.08079999999999998
1960-08-01,0.002028398261392894,-0.25,0.09999999999999964,-0.026900000000001256
1960-09-01,0.0,-0.3799999999999999,-0.09999999999999964,-0.24239999999999995
1960-10-01,0.004716989878138733,-0.1299999999999999,0.5999999999999996,-0.026899999999997704
1960-11-01,0.001007895264224068,-0.03000000000000025,0.0,-0.32310000000000016
1960-12-01,0.001006880434117008,-0.45999999999999996,0.5,-0.43090000000000117
1961-01-01,0.001005867645580416,-0.53,0.0,0.026900000000001256
1961-02-01,0.0,1.09,0.3000000000000007,-0.026900000000001256
1961-03-01,0.0,-0.52,0.0,0.13470000000000226
1961-04-01,-0.001005867645580416,-0.53,0.09999999999999964,0.4576999999999991
1961-05-01,0.001005867645580416,0.49,0.09999999999999964,0.35009999999999764
1961-06-01,0.0,-0.25,-0.1999999999999993,0.32310000000000016
1961-07-01,0.002677377770716305,-0.56,0.09999999999999964,0.2693000000000012
1961-08-01,0.0006682258852057643,0.8300000000000001,-0.40000000000000036,0.21539999999999893
1961-09-01,0.0013351136829693466,-0.1200000000000001,0.10000000000000053,-0.026899999999997704
1961-10-01,0.0,0.3799999999999999,-0.20000000000000018,0.4577999999999989
1961-11-01,0.0,0.3500000000000001,-0.40000000000000036,0.3769999999999989
1961-12-01,0.0010001667778238854,-0.2799999999999998,-0.09999999999999964,0.21540000000000248
1962-01-01,0.0009991674436582443,-0.18000000000000016,-0.20000000000000018,-0.21550000000000225
1962-02-01,0.002327515597708718,0.2200000000000002,-0.2999999999999998,0.40390000000000015
1962-03-01,0.0019907106773273675,0.48,0.09999999999999964,0.13470000000000226
1962-04-01,0.0013249422276104816,-0.07000000000000028,0.0,0.05389999999999873
1962-05-01,0.0009925559127519357,-0.41999999999999993,-0.09999999999999964,-0.027000000000001023
1962-06-01,-0.0009925559127519357,0.3200000000000003,0.0,-0.05379999999999896
1962-07-01,0.0003309614460129673,0.029999999999999805,-0.09999999999999964,0.24230000000000018
1962-08-01,0.0019834717246545175,0.2200000000000002,0.2999999999999998,0.026900000000001256
1962-09-01,0.004612858261898722,-0.03000000000000025,-0.10000000000000053,0.16159999999999997
1962-10-01,-0.0013157896635198618,0.0,-0.1999999999999993,0.026899999999997704
1962-11-01,0.0,0.040000000000000036,0.2999999999999998,0.10770000000000124
1962-12-01,0.0,-0.009999999999999787,-0.20000000000000018,0.0
1963-01-01,0.0019730358258582825,-0.010000000000000231,0.20000000000000018,0.18850000000000122
1963-02-01,0.0013131978249605325,0.08000000000000007,0.20000000000000018,0.2962999999999987
1963-03-01,0.0009837679101325492,-0.020000000000000018,-0.20000000000000018,0.1615000000000002
1963-04-01,-0.0009837679101325492,-0.08000000000000007,0.0,0.24230000000000018
1963-05-01,0.0009837679101325492,0.10000000000000009,0.20000000000000018,0.32319999999999993
1963-06-01,0.003272254228742888,-0.009999999999999787,-0.3000000000000007,0.08079999999999998
1963-07-01,0.0026101156743236764,0.029999999999999805,0.0,-0.10770000000000124
1963-08-01,0.0019531256208820125,0.4700000000000002,-0.1999999999999993,0.05379999999999896
1963-09-01,-0.0009760859730554294,-0.010000000000000231,0.09999999999999964,0.2693000000000012
1963-10-01,0.0009760859730554294,0.020000000000000018,0.0,0.18850000000000122
1963-11-01,0.00097513415820627,-0.020000000000000018,0.20000000000000018,0.13459999999999894
1963-12-01,0.003243596745842403,-0.10000000000000009,-0.20000000000000018,-0.05379999999999896
1964-01-01,0.001941119988344564,0.10000000000000009,0.09999999999999964,0.24230000000000018
1964-02-01,-0.0009700890008947916,0.0,-0.1999999999999993,0.18849999999999767
1964-03-01,0.0009700890008947916,-0.04999999999999982,0.0,0.0
1964-04-01,0.000323153985684943,0.040000000000000036,-0.10000000000000053,0.4578000000000024
1964-05-01,0.0009688358581176892,0.029999999999999805,-0.20000000000000018,0.1615000000000002
1964-06-01,0.0009678981236351802,0.0,0.10000000000000053,0.08079999999999998
1964-07-01,0.00032242463603493476,-0.08000000000000007,-0.2999999999999998,0.18849999999999767
1964-08-01,0.000966650631095245,0.08000000000000007,0.09999999999999964,0.18850000000000122
1964-09-01,0.0009657171199588532,-0.04999999999999982,0.09999999999999964,0.10770000000000124
1964-10-01,0.001286173810743918,-0.0900000000000003,0.0,-0.40390000000000015
1964-11-01,0.0028878569724972714,0.16000000000000014,-0.2999999999999998,0.8886000000000003
1964-12-01,0.0012808198997227294,0.33000000000000007,0.20000000000000018,0.35009999999999764
1965-01-01,0.0009595394946995128,0.04999999999999982,-0.09999999999999964,0.32310000000000016
1965-02-01,0.0,0.08000000000000007,0.1999999999999993,0.18850000000000122
1965-03-01,0.0009586196612039188,0.06999999999999984,-0.39999999999999947,0.40390000000000015
1965-04-01,0.002233211966572224,0.040000000000000036,0.09999999999999964,0.13459999999999894
1965-05-01,0.0031816762443162006,0.009999999999999787,-0.20000000000000018,0.24239999999999995
1965-06-01,0.004121102678323663,-0.04999999999999982,0.0,0.24230000000000018
1965-07-01,-0.000949517400030242,0.040000000000000036,-0.1999999999999993,0.2961999999999989
1965-08-01,-0.0009504198402736641,0.03000000000000025,0.0,0.13470000000000226
1965-09-01,0.0022162427941037066,-0.10000000000000053,-0.10000000000000053,0.08079999999999643
1965-10-01,0.0009483168088593175,0.0600000000000005,-0.09999999999999964,0.3231000000000037
1965-11-01,0.003154576748515492,0.019999999999999574,-0.10000000000000053,0.13459999999999894
1965-12-01,0.0031446566794715025,0.22000000000000064,-0.09999999999999964,0.40390000000000015
1966-01-01,0.0009414719038418617,0.09999999999999964,0.0,0.32319999999999993
1966-02-01,0.006253929076299514,0.17999999999999972,-0.20000000000000018,0.21540000000000248
1966-03-01,0.003112358565923401,0.0600000000000005,0.0,0.4577999999999989
1966-04-01,0.003102701837510935,0.009999999999999787,0.0,0.05379999999999541
1966-05-01,0.002166177545161574,0.23000000000000043,0.10000000000000009,0.3231000000000037
1966-06-01,0.0009269273025793723,0.2699999999999996,-0.10000000000000009,0.16159999999999997
1966-07-01,0.0021594949006100705,0.1299999999999999,0.0,0.18849999999999767
1966-08-01,0.006144412572341107,0.23000000000000043,0.0,0.02690000000000481
1966-09-01,0.0030581063588206447,-0.1299999999999999,-0.09999999999999964,0.32319999999999993
1966-10-01,0.003048782849358833,0.1299999999999999,0.0,0.24230000000000018
1966-11-01,0.000912825257359362,0.22999999999999954,-0.10000000000000009,-0.2424000000000035
1966-12-01,0.0012158056208901868,-0.35999999999999943,0.19999999999999973,0.08080000000000354
1967-01-01,-0.0006077180375432256,-0.45999999999999996,0.10000000000000009,0.16539999999999822
1967-02-01,0.003034903695154245,0.05999999999999961,-0.10000000000000009,-0.3995000000000033
1967-03-01,0.0,-0.46999999999999975,0.0,-0.1963000000000008
1967-04-01,0.003025720916537189,-0.4800000000000004,0.0,0.3266000000000062
1967-05-01,0.0,-0.10999999999999988,0.0,-0.3050000000000068
1967-06-01,0.006024114603380593,0.040000000000000036,0.10000000000000009,-0.004299999999993531
1967-07-01,0.00299850299625648,-0.18999999999999995,-0.10000000000000009,-0.07890000000000441
1967-08-01,0.00298953884836628,0.10999999999999988,0.0,0.6623000000000019
1967-09-01,0.0029806281381379307,0.0900000000000003,0.0,-0.057200000000001694
1967-10-01,0.002971770389157413,-0.11000000000000032,0.20000000000000018,0.28640000000000043
1967-11-01,0.005917177028088361,0.25,-0.10000000000000009,0.5071999999999974
1967-12-01,0.0029455102297570868,0.3799999999999999,-0.10000000000000009,0.3873000000000033
1968-01-01,0.0029368596733094776,0.10000000000000053,-0.09999999999999964,-0.03909999999999769
1968-02-01,0.0029282597790887266,0.09999999999999964,0.09999999999999964,0.13009999999999877
1968-03-01,0.00291971010333425,0.33999999999999986,-0.09999999999999964,0.11379999999999768
1968-04-01,0.0029112102074586588,0.71,-0.20000000000000018,0.05290000000000106
1968-05-01,0.0029027596579616066,0.3600000000000003,0.0,0.4106999999999985
1968-06-01,0.005780362915499104,-0.04999999999999982,0.20000000000000018,0.13600000000000279
1968-07-01,0.005747142255568161,-0.040000000000000036,0.0,-0.05700000000000216
1968-08-01,0.002861232281031967,0.0,-0.20000000000000018,0.10350000000000392
1968-09-01,0.002853068982406448,-0.25,-0.10000000000000009,0.14089999999999492
1968-10-01,0.005681833467431119,0.1299999999999999,0.0,0.0742000000000047
1968-11-01,0.0028288562004776807,-0.08999999999999986,0.0,0.48399999999999466
1968-12-01,0.005633817718256218,0.1999999999999993,0.0,0.1197000000000017
1969-01-01,0.002805050927608299,0.28000000000000025,0.0,0.23000000000000398
1969-02-01,0.0027972046210611445,0.3100000000000005,0.0,0.2447999999999979
1969-03-01,0.008344971932180645,0.17999999999999972,0.0,0.3018999999999963
1969-04-01,0.00552487593196993,0.6200000000000001,0.0,-0.14269999999999783
1969-05-01,0.002751033371890088,1.2599999999999998,0.0,-0.14620000000000033
1969-06-01,0.005479465764625324,0.23000000000000043,0.10000000000000009,0.3763000000000005
1969-07-01,0.005449604767564953,-0.2900000000000009,0.0,0.20530000000000115
1969-08-01,0.0027137058715962503,0.5800000000000001,0.0,0.08979999999999677
1969-09-01,0.005405418566907905,-0.03999999999999915,0.20000000000000018,-0.008800000000000807
1969-10-01,0.005376357036380064,-0.15000000000000036,0.0,0.011500000000005173
1969-11-01,0.005347606326595589,-0.15000000000000036,-0.20000000000000018,-0.36939999999999884
1969-12-01,0.00531916147759981,0.120000000000001,0.0,-0.10420000000000584
1970-01-01,0.005291017634415862,0.009999999999999787,0.3999999999999999,-0.7167999999999992
1970-02-01,0.005263170044274457,0.0,0.30000000000000027,-0.02499999999999858
1970-03-01,0.005235614053944904,-1.2200000000000006,0.20000000000000018,-0.04930000000000234
1970-04-01,0.005208345107138523,0.33999999999999986,0.1999999999999993,-0.09749999999999659
1970-05-01,0.002594035177046372,-0.14999999999999947,0.20000000000000018,-0.04410000000000025
1970-06-01,0.005167970158442614,-0.33999999999999986,0.10000000000000053,-0.12219999999999942
1970-07-01,0.0025740039951727134,-0.40000000000000036,0.09999999999999964,0.09239999999999782
1970-08-01,0.002567395505245873,-0.5899999999999999,0.09999999999999964,-0.06729999999999592
1970-09-01,0.005115100666770456,-0.33000000000000007,0.3000000000000007,-0.25970000000000226
1970-10-01,0.005089069507471233,-0.08999999999999986,0.09999999999999964,-0.7486000000000033
1970-11-01,0.005063301956546695,-0.6000000000000005,0.40000000000000036,-0.22209999999999752
1970-12-01,0.005037794029957077,-0.6999999999999993,0.1999999999999993,0.8370999999999995
1971-01-01,0.0025094116054260596,-0.7600000000000007,-0.1999999999999993,0.2867999999999995
1971-02-01,0.0,-0.4199999999999995,0.0,-0.07159999999999656
1971-03-01,0.0025031302181184323,-0.010000000000000231,0.09999999999999964,-0.040600000000004854
1971-04-01,0.0024968801985871814,0.4500000000000002,-0.09999999999999964,0.21039999999999992
1971-05-01,0.0049751346401136765,0.46999999999999975,0.0,0.19110000000000582
1971-06-01,0.004950505159856178,0.28000000000000025,0.0,0.15879999999999939
1971-07-01,0.0024660924951938057,0.39999999999999947,0.09999999999999964,-0.11030000000000229
1971-08-01,0.0024600258408624676,0.2600000000000007,0.09999999999999964,-0.22010000000000218
1971-09-01,0.0024539889615664556,-0.020000000000000462,-0.09999999999999964,0.6126000000000005
1971-10-01,0.0024479816386397957,-0.34999999999999964,-0.20000000000000018,0.2867999999999995
1971-11-01,0.0024420036555521385,-0.29000000000000004,0.20000000000000018,0.16370000000000573
1971-12-01,0.0024360547978812264,-0.7700000000000005,0.0,0.4473999999999947
1972-01-01,0.0024301348532915767,-0.6299999999999999,-0.20000000000000018,0.9373000000000005
1972-02-01,0.004842624475787982,-0.20999999999999996,-0.09999999999999964,0.40510000000000446
1972-03-01,0.0,0.5300000000000002,0.09999999999999964,0.2804000000000002
1972-04-01,0.0024125464053836865,0.33999999999999986,-0.09999999999999964,0.40849999999999653
1972-05-01,0.002406740030565402,0.09999999999999964,0.0,0.005699999999997374
1972-06-01,0.0024009615375382154,0.1900000000000004,0.0,0.1092000000000013
1972-07-01,0.0023952107259543887,0.08999999999999986,-0.10000000000000053,-0.04619999999999891
1972-08-01,0.00238948739738154,0.2599999999999998,0.0,0.5754999999999981
1972-09-01,0.004761913760243708,0.0600000000000005,-0.09999999999999964,0.3342000000000027
1972-10-01,0.0023724803536304684,0.17999999999999972,0.09999999999999964,0.5362000000000009
1972-11-01,0.004728141195946112,0.009999999999999787,-0.2999999999999998,0.5054000000000016
1972-12-01,0.002355713692459016,0.27000000000000046,-0.09999999999999964,0.481899999999996
1973-01-01,0.004694844304207635,0.6100000000000003,-0.2999999999999998,0.31620000000000203
1973-02-01,0.007001195458983478,0.6399999999999997,0.09999999999999964,0.6297999999999959
1973-03-01,0.009259325412796837,0.5099999999999998,-0.09999999999999964,0.021800000000006037
1973-04-01,0.006888660995185258,0.03000000000000025,0.09999999999999964,-0.06580000000000297
1973-05-01,0.004566217979581122,0.7199999999999998,-0.09999999999999964,0.3042000000000016
1973-06-01,0.006810469002526798,0.6500000000000004,0.0,0.060600000000000875
1973-07-01,0.0,1.9100000000000001,-0.10000000000000053,0.1600999999999999
1973-08-01,0.017937700686667224,0.09999999999999964,0.0,-0.061700000000001864
1973-09-01,0.004434597067866086,0.27999999999999936,0.0,0.3605000000000018
1973-10-01,0.008810629682154847,-0.7699999999999996,-0.20000000000000018,0.38459999999999894
1973-11-01,0.006557400546158831,0.019999999999999574,0.20000000000000018,0.20830000000000126
1973-12-01,0.008676844025688801,-0.08000000000000007,0.10000000000000053,-0.13230000000000075
1974-01-01,0.010741241831413006,-0.29999999999999893,0.1999999999999993,-0.3026000000000053
1974-02-01,0.010627092574285957,-0.6799999999999997,0.10000000000000053,-0.14449999999999363
1974-03-01,0.01051534399952292,0.379999999999999,-0.10000000000000053,0.001799999999995805
1974-04-01,0.006256537614305557,1.1600000000000001,0.0,-0.1325999999999965
1974-05-01,0.010341353794732555,0.8000000000000007,0.0,0.3592999999999975
1974-06-01,0.008196767204178279,0.6199999999999992,0.3000000000000007,-0.0805999999999969
1974-07-01,0.006103782938017943,0.9900000000000002,0.09999999999999964,0.09829999999999472
1974-08-01,0.012096921708828479,-0.9100000000000001,0.0,-0.4854999999999947
1974-09-01,0.013930573535946955,-0.6699999999999999,0.40000000000000036,-0.00010000000000331966
1974-10-01,0.007874056430905885,-1.2799999999999994,0.09999999999999964,-0.12319999999999709
1974-11-01,0.009756174945364737,-0.6100000000000012,0.5999999999999996,-1.4855000000000018
1974-12-01,0.00773698250215249,-0.9199999999999999,0.6000000000000005,-1.5745000000000005
1975-01-01,0.007677580899034364,-1.3999999999999995,0.8999999999999995,-0.5857000000000028
1975-02-01,0.005719748672786906,-0.8899999999999997,0.0,-0.9510999999999967
1975-03-01,0.003795070968551695,-0.7000000000000002,0.5,-0.4527000000000001
1975-04-01,0.0037807228399060477,-0.04999999999999982,0.20000000000000107,0.0934999999999988
1975-05-01,0.0018850146957714031,-0.27000000000000046,0.1999999999999993,-0.1319999999999979
1975-06-01,0.007504725654067457,0.33000000000000007,-0.1999999999999993,0.2518999999999991
1975-07-01,0.009302392662313697,0.5499999999999998,-0.20000000000000107,0.4221999999999966
1975-08-01,0.003696861881326008,0.040000000000000036,-0.1999999999999993,0.40040000000000475
1975-09-01,0.007352974305258719,0.10000000000000053,0.0,0.5305999999999997
1975-10-01,0.005479465764625324,-0.41999999999999993,0.0,0.18309999999999604
1975-11-01,0.007259560012804478,-0.6000000000000005,-0.09999999999999964,0.056200000000004025
1975-12-01,0.0054102927282473345,-0.019999999999999574,-0.10000000000000142,0.5716999999999999
1976-01-01,0.0035906681307285027,-0.33000000000000007,-0.29999999999999893,0.5597999999999956
1976-02-01,0.0017905107737883341,-0.10000000000000053,-0.20000000000000018,0.4217000000000013
1976-03-01,0.0017873105740964235,0.07000000000000028,-0.10000000000000053,0.09390000000000498
1976-04-01,0.001784121793501292,-0.019999999999999574,0.10000000000000053,0.21589999999999776
1976-05-01,0.005333345975362391,0.46999999999999975,-0.2999999999999998,0.18589999999999662
1976-06-01,0.005305052229693352,0.1900000000000004,0.1999999999999993,0.045100000000005025
1976-07-01,0.005277057100843585,-0.17000000000000082,0.20000000000000018,0.25039999999999907
1976-08-01,0.005249355886143725,-0.019999999999999574,0.0,0.30409999999999826
1976-09-01,0.005221943981151611,-0.040000000000000036,-0.20000000000000018,0.15390000000000015
1976-10-01,0.0051948168771041026,-0.23000000000000043,0.10000000000000053,-0.013600000000003831
1976-11-01,0.003448279278916111,-0.0699999999999994,0.09999999999999964,0.6807000000000016
1976-12-01,0.005150225976315426,-0.2999999999999998,0.0,0.4902000000000015
1977-01-01,0.005123836999869624,-0.040000000000000036,-0.2999999999999998,-0.3207000000000022
1977-02-01,0.010169579169629017,0.0699999999999994,0.09999999999999964,0.7190000000000012
1977-03-01,0.0050462680676242044,0.010000000000000675,-0.1999999999999993,0.5908000000000015
1977-04-01,0.006688988150796327,0.040000000000000036,-0.20000000000000018,0.4498999999999995
1977-05-01,0.0033277900926753645,0.6199999999999992,-0.20000000000000018,0.3727000000000018
1977-06-01,0.004971012722020163,0.040000000000000036,0.20000000000000018,0.37049999999999983
1977-07-01,0.004946423935325406,0.03000000000000025,-0.2999999999999998,0.06139999999999901
1977-08-01,0.004922077205428366,0.4800000000000004,0.09999999999999964,0.04749999999999943
1977-09-01,0.0032679767646159874,0.23999999999999932,-0.20000000000000018,0.19839999999999947
1977-10-01,0.0048820275973087135,0.33000000000000007,0.0,0.06819999999999737
1977-11-01,0.006472514505617255,0.040000000000000036,0.0,0.08900000000000574
1977-12-01,0.004827040748315525,0.04999999999999982,-0.39999999999999947,0.08679999999999666
1978-01-01,0.00640002184546784,0.14000000000000057,0.0,-0.7147999999999968
1978-02-01,0.004773278752657539,0.08000000000000007,-0.10000000000000053,0.256299999999996
1978-03-01,0.006329135051647228,0.009999999999999787,0.0,0.9221000000000004
1978-04-01,0.007855499940308874,0.09999999999999964,-0.20000000000000018,0.9941000000000031
1978-05-01,0.009345862418237871,0.47000000000000064,-0.09999999999999964,0.23339999999999606
1978-06-01,0.007722046093910251,0.23999999999999932,-0.09999999999999964,0.32610000000000383
1978-07-01,0.007662872745569871,0.20999999999999996,0.2999999999999998,-0.04169999999999874
1978-08-01,0.0060882988672545935,0.22999999999999954,-0.2999999999999998,0.2073999999999998
1978-09-01,0.009063506153347056,0.41000000000000014,0.09999999999999964,0.12859999999999872
1978-10-01,0.008982096315827803,0.5100000000000016,-0.20000000000000018,0.3814999999999955
1978-11-01,0.005943553900848109,0.7999999999999989,0.10000000000000053,0.3955000000000055
1978-12-01,0.005908436686166141,0.2699999999999996,0.09999999999999964,0.2575999999999965
1979-01-01,0.008797710703529305,0.040000000000000924,-0.09999999999999964,-0.28119999999999834
1979-02-01,0.01016711735544451,-0.009999999999999787,0.0,0.24739999999999895
1979-03-01,0.010064786616140076,0.02999999999999936,-0.10000000000000053,0.1694000000000031
1979-04-01,0.009964495259431772,-0.08000000000000007,0.0,-0.6253000000000029
1979-05-01,0.011267724846343086,0.23000000000000043,-0.20000000000000018,0.46629999999999683
1979-06-01,0.01114217655324179,0.049999999999998934,0.10000000000000053,0.010900000000006571
1979-07-01,0.011019395249610042,0.1800000000000015,0.0,-0.08680000000000376
1979-08-01,0.00954335804690043,0.46999999999999886,0.2999999999999998,-0.34129999999999683
1979-09-01,0.009453142643755186,0.4900000000000002,-0.09999999999999964,-0.008700000000004593
1979-10-01,0.010695289116747553,2.34,0.09999999999999964,0.3736999999999995
1979-11-01,0.010582109330536937,-0.5899999999999999,-0.09999999999999964,-0.08029999999999404
1979-12-01,0.011772536225267416,0.5999999999999996,0.09999999999999964,0.034699999999993736
1980-01-01,0.014202950177993223,0.040000000000000924,0.2999999999999998,0.28010000000000446
1980-02-01,0.012739025777429802,0.3100000000000005,0.0,0.014099999999999113
1980-03-01,0.01382800160729225,3.0600000000000005,0.0,-0.2120000000000033
1980-04-01,0.009937969990132522,0.41999999999999815,0.6000000000000005,-1.0302999999999969
1980-05-01,0.009840177801510919,-6.629999999999999,0.5999999999999996,-1.250700000000002
1980-06-01,0.009744291474677702,-1.5099999999999998,0.09999999999999964,-0.6407999999999987
1980-07-01,0.0012113871862977632,-0.4400000000000013,0.20000000000000018,-0.34429999999999694
1980-08-01,0.007237667300230122,0.5800000000000001,-0.09999999999999964,0.1524000000000001
1980-09-01,0.008378265645998084,1.2599999999999998,-0.20000000000000018,0.8044999999999973
1980-10-01,0.00948998818484803,1.9400000000000013,0.0,0.6300000000000026
1980-11-01,0.010569681489687177,3.039999999999999,0.0,0.8402999999999992
1980-12-01,0.00930239266231414,3.049999999999999,-0.2999999999999998,0.33970000000000056
1981-01-01,0.009216655104923532,0.17999999999999972,0.2999999999999998,-0.3293000000000035
1981-02-01,0.00913248356327312,-3.1499999999999986,-0.09999999999999964,-0.21750000000000114
1981-03-01,0.0067950431328283045,-1.2300000000000004,0.0,0.2586000000000013
1981-04-01,0.005627476865728731,1.0200000000000014,-0.20000000000000018,-0.22460000000000235
1981-05-01,0.006711434587986176,2.799999999999999,0.2999999999999998,0.2915000000000063
1981-06-01,0.008879081641130604,0.5800000000000018,0.0,0.2605999999999966
1981-07-01,0.010989121575595284,-0.060000000000002274,-0.2999999999999998,0.3370000000000033
1981-08-01,0.007621158281072127,-1.2199999999999989,0.20000000000000018,-0.06450000000000244
1981-09-01,0.009714053720473181,-1.950000000000001,0.1999999999999993,-0.248899999999999
1981-10-01,0.0032171609517757105,-0.7899999999999991,0.3000000000000007,-0.40559999999999974
1981-11-01,0.004273510777381695,-1.7699999999999996,0.40000000000000036,-0.5930999999999997
1981-12-01,0.0031931905791555693,-0.9400000000000013,0.1999999999999993,-0.5363000000000042
1982-01-01,0.0031830265601211494,0.8500000000000014,0.09999999999999964,-1.0302000000000007
1982-02-01,0.0031729270405769228,1.5599999999999987,0.3000000000000007,0.9951000000000008
1982-03-01,0.0,-0.09999999999999964,0.09999999999999964,-0.3312999999999988
1982-04-01,0.0031628914085084503,0.2599999999999998,0.3000000000000007,-0.4572999999999965
1982-05-01,0.00942909028885186,-0.4900000000000002,0.09999999999999964,-0.32670000000000243
1982-06-01,0.011404996613990193,-0.29999999999999893,0.1999999999999993,-0.12689999999999912
1982-07-01,0.005141399500418586,-1.5600000000000005,0.20000000000000107,-0.15980000000000416
1982-08-01,0.0020491810449358994,-2.4700000000000006,0.0,-0.44239999999999924
1982-09-01,0.0,0.19000000000000128,0.29999999999999893,-0.11840000000000117
1982-10-01,0.004085807522580254,-0.5999999999999996,0.3000000000000007,-0.4636999999999958
1982-11-01,-0.0010198879007452533,-0.5100000000000016,0.40000000000000036,-0.15409999999999968
1982-12-01,-0.0030659196218350004,-0.25,0.0,-0.33449999999999847
1983-01-01,0.0020449904877271052,-0.2699999999999996,-0.40000000000000036,0.8748999999999967
1983-02-01,0.0010209291341078952,-0.16999999999999993,0.0,-0.3001000000000005
1983-03-01,0.0010198879007452533,0.2599999999999998,-0.09999999999999964,0.40109999999999957
1983-04-01,0.00711023818250478,0.030000000000001137,-0.10000000000000142,0.6067000000000036
1983-05-01,0.004040409537005019,-0.16999999999999993,-0.09999999999999964,0.2927999999999997
1983-06-01,0.0020140993717010502,0.34999999999999964,0.0,0.2990999999999957
1983-07-01,0.0040160696548898756,0.3899999999999988,-0.6999999999999993,0.7316000000000003
1983-08-01,0.003001503003756234,0.19000000000000128,0.09999999999999964,0.5897000000000006
1983-09-01,0.0029925209364547456,-0.11000000000000121,-0.3000000000000007,0.7336999999999989
1983-10-01,0.003976148379639,0.030000000000001137,-0.3999999999999986,0.3913000000000011
1983-11-01,0.002971770389157413,-0.14000000000000057,-0.3000000000000007,0.23000000000000398
1983-12-01,0.0029629651306573024,0.13000000000000078,-0.1999999999999993,0.2600999999999942
1984-01-01,0.006879634013536418,0.08999999999999986,-0.3000000000000007,1.0391000000000048
1984-02-01,0.004885207566049488,0.02999999999999936,-0.20000000000000018,0.23329999999999984
1984-03-01,0.002919710103334694,0.3200000000000003,0.0,0.261099999999999
1984-04-01,0.0038797332855891042,0.379999999999999,-0.09999999999999964,0.3170999999999964
1984-05-01,0.001934236579830717,0.030000000000001137,-0.2999999999999998,0.2926000000000002
1984-06-01,0.0019305025300582201,0.7400000000000002,-0.20000000000000018,0.19880000000000564
1984-07-01,0.0038498603854417723,0.16999999999999993,0.2999999999999998,0.1507000000000005
1984-08-01,0.00287769982761521,0.41000000000000014,0.0,0.05619999999999692
1984-09-01,0.0028694424279525066,-0.33999999999999986,-0.20000000000000018,-0.16170000000000329
1984-10-01,0.0038131600064144067,-1.3100000000000005,0.10000000000000053,-0.005999999999993122
1984-11-01,0.0019011412570240083,-0.5600000000000005,-0.20000000000000018,0.1833999999999989
1984-12-01,0.0018975337761917288,-1.049999999999999,0.09999999999999964,0.01759999999999451
1985-01-01,0.0018939399600705897,-0.030000000000001137,0.0,-0.009399999999999409
1985-02-01,0.0056603924717100185,0.15000000000000036,-0.09999999999999964,0.15030000000000143
1985-03-01,0.00469264117819268,0.08000000000000007,0.0,0.08279999999999887
1985-04-01,0.001870907935811239,-0.3100000000000005,0.09999999999999964,-0.11939999999999884
1985-05-01,0.001867414174795634,-0.2999999999999998,-0.09999999999999964,0.07959999999999923
1985-06-01,0.002794598931015635,-0.4399999999999995,0.20000000000000018,-0.02659999999999485
1985-07-01,0.001858736594625654,0.34999999999999964,0.0,-0.2593000000000032
1985-08-01,0.0018552881017459555,0.020000000000000462,-0.3000000000000007,0.1659000000000006
1985-09-01,0.0018518523810735488,0.019999999999999574,0.0,0.1850999999999985
1985-10-01,0.003693448335352123,0.07000000000000028,0.0,-0.17069999999999652
1985-11-01,0.004597709248629123,0.0600000000000005,-0.09999999999999964,0.19249999999999545
1985-12-01,0.004576667027412107,0.21999999999999886,0.0,0.5288000000000039
1986-01-01,0.003646312153020581,-0.129999999999999,-0.2999999999999998,0.30689999999999884
1986-02-01,-0.0018214941283911656,-0.28000000000000025,0.5,-0.3913000000000011
1986-03-01,-0.00548447444216027,-0.3799999999999999,0.0,-0.3943000000000012
1986-04-01,-0.003673098711860945,-0.4900000000000002,-0.10000000000000053,0.07880000000000109
1986-05-01,0.0027560881019796923,-0.14000000000000057,0.10000000000000053,0.08129999999999882
1986-06-01,0.00366300775873718,0.07000000000000028,0.0,-0.22209999999999752
1986-07-01,0.0009136592686749268,-0.3600000000000003,-0.20000000000000018,0.3586999999999989
1986-08-01,0.0009128252573598061,-0.3899999999999997,-0.09999999999999964,-0.10249999999999915
1986-09-01,0.0036429912785012064,-0.28000000000000025,0.09999999999999964,0.1407999999999987
1986-10-01,0.0018165309263977747,-0.040000000000000036,0.0,0.23570000000000135
1986-11-01,0.001813237124181022,0.1900000000000004,-0.09999999999999964,0.2224999999999966
1986-12-01,0.0036166404701880595,0.8700000000000001,-0.3000000000000007,0.5288000000000039
1987-01-01,0.005400553180000323,-0.4800000000000004,0.0,-0.1963000000000008
1987-02-01,0.0035842332278148703,-0.33000000000000007,0.0,0.7393000000000001
1987-03-01,0.0035714323675977155,0.03000000000000025,0.0,0.08229999999999649
1987-04-01,0.004446427957134347,0.2400000000000002,-0.2999999999999998,0.3603000000000023
1987-05-01,0.002658397666610135,0.47999999999999954,0.0,0.3620999999999981
1987-06-01,0.004415018209116717,-0.11999999999999922,-0.09999999999999964,0.2985000000000042
1987-07-01,0.00263968477077281,-0.15000000000000036,-0.10000000000000053,0.39509999999999934
1987-08-01,0.00438404910853496,0.15000000000000036,-0.09999999999999964,0.43779999999999575
1987-09-01,0.0034934533345598595,0.4899999999999993,-0.09999999999999964,0.23150000000000404
1987-10-01,0.002612104227925016,0.07000000000000028,0.09999999999999964,0.785899999999998
1987-11-01,0.0034722257107491217,-0.5999999999999996,-0.20000000000000018,0.2916000000000025
1987-12-01,0.0017316021642779234,0.07999999999999918,-0.09999999999999964,0.3369
1988-01-01,0.003454234868087269,0.0600000000000005,0.0,-0.01190000000000424
1988-02-01,0.0017226533114467202,-0.25,0.0,0.3027000000000015
1988-03-01,0.002578428587944437,0.0,0.0,0.14979999999999905
1988-04-01,0.005990604137156907,0.29000000000000004,-0.2999999999999998,0.35300000000000153
1988-05-01,0.0025564564413009805,0.21999999999999975,0.1999999999999993,-0.12339999999999662
1988-06-01,0.004246290881451564,0.41999999999999993,-0.1999999999999993,0.17719999999999914
1988-07-01,0.004228336109521003,0.2400000000000002,0.0,0.009000000000000341
1988-08-01,0.004210532536343514,0.2599999999999998,0.1999999999999993,0.3071999999999946
1988-09-01,0.004192878260036004,0.17999999999999972,-0.1999999999999993,-0.19239999999999924
1988-10-01,0.0033416906619025966,0.11000000000000121,0.0,0.2646000000000015
1988-11-01,0.0033305609471652176,0.049999999999998934,-0.10000000000000053,0.14910000000000423
1988-12-01,0.0033195051228522843,0.41000000000000014,0.0,0.2798999999999978
1989-01-01,0.004133945531727967,0.35999999999999943,0.10000000000000053,0.18309999999999604
1989-02-01,0.003294895896853056,0.2400000000000002,-0.20000000000000018,-0.27549999999999386
1989-03-01,0.004922077205428366,0.4900000000000002,-0.20000000000000018,0.15499999999999403
1989-04-01,0.007337986452912837,-0.009999999999999787,0.20000000000000018,-0.00929999999999609
1989-05-01,0.0048622462080345485,-0.02999999999999936,0.0,-0.35320000000000107
1989-06-01,0.0032284128121187194,-0.28000000000000114,0.09999999999999964,-0.004699999999999704
1989-07-01,0.0032180236942007667,-0.28999999999999915,-0.09999999999999964,-0.5959000000000003
1989-08-01,0.0,-0.25,0.0,0.5994000000000028
1989-09-01,0.002406740030565402,0.02999999999999936,0.09999999999999964,-0.19360000000000355
1989-10-01,0.004796172263493048,-0.17999999999999972,0.0,-0.08299999999999841
1989-11-01,0.003979312851480898,-0.28999999999999915,0.10000000000000053,0.20779999999999887
1989-12-01,0.0031720883061439054,-0.10000000000000142,0.0,0.33840000000000003
1990-01-01,0.00945633524203604,-0.21999999999999886,0.0,-0.3138000000000005
1990-02-01,0.0039138993211356166,0.009999999999999787,-0.10000000000000053,0.5606000000000009
1990-03-01,0.004676547883901705,0.03999999999999915,-0.09999999999999964,0.310299999999998
1990-04-01,0.002330098141623438,-0.019999999999999574,0.20000000000000018,-0.16400000000000148
1990-05-01,0.0015503879074545424,-0.08000000000000007,0.0,0.1899000000000015
1990-06-01,0.0061776258239572,0.10999999999999943,-0.20000000000000018,0.21240000000000236
1990-07-01,0.004608303086194532,-0.1399999999999988,0.2999999999999998,-0.1097999999999999
1990-08-01,0.008393792128468469,-0.019999999999999574,0.20000000000000018,0.2190999999999974
1990-09-01,0.006815626535059849,0.06999999999999851,0.20000000000000018,0.004800000000003024
1990-10-01,0.00676948805524713,-0.08999999999999986,0.0,-0.36780000000000257
1990-11-01,0.002246350626373683,-0.2999999999999998,0.2999999999999998,-0.7957999999999998
1990-12-01,0.0037327404296840783,-0.5,0.09999999999999964,-0.45349999999999824
1991-01-01,0.00371885887873713,-0.39999999999999947,0.10000000000000053,-0.1997
1991-02-01,0.0007421150618878158,-0.6600000000000001,0.1999999999999993,-0.45170000000000243
1991-03-01,0.0,-0.1299999999999999,0.20000000000000018,-0.3491999999999962
1991-04-01,0.0022230464879466894,-0.20999999999999996,-0.09999999999999964,0.15919999999999845
1991-05-01,0.0036941305401416713,-0.1299999999999999,0.20000000000000018,0.5694999999999979
1991-06-01,0.002945510229757531,0.1200000000000001,0.0,0.494800000000005
1991-07-01,0.0014695079793591859,-0.08000000000000007,-0.10000000000000053,0.1723999999999961
1991-08-01,0.0029325534212780724,-0.16000000000000014,0.10000000000000053,-0.0007000000000019213
1991-09-01,0.002923978691435458,-0.20999999999999996,0.0,0.48969999999999914
1991-10-01,0.0014587894636592935,-0.2400000000000002,0.09999999999999964,-0.03399999999999892
1991-11-01,0.004363643287773833,-0.40000000000000036,0.0,-0.09839999999999804
1991-12-01,0.0028985527540115186,-0.3799999999999999,0.2999999999999998,-0.3018999999999963
1992-01-01,0.000723327337142976,-0.39999999999999947,0.0,-0.3236000000000061
1992-02-01,0.002166848085090045,0.02999999999999936,0.10000000000000053,0.4339000000000013
1992-03-01,0.00360101217359432,-0.07999999999999963,0.0,0.527700000000003
1992-04-01,0.002154399397026552,-0.25,0.0,0.4737999999999971
1992-05-01,0.0021497679364923528,0.08999999999999986,0.1999999999999993,0.20700000000000074
1992-06-01,0.002859187080045622,-0.06000000000000005,0.20000000000000018,0.03229999999999933
1992-07-01,0.0028510354308393104,-0.5099999999999998,-0.09999999999999964,0.5812999999999988
1992-08-01,0.0021329549501416523,0.04999999999999982,-0.10000000000000053,-0.3562999999999974
1992-09-01,0.0021284151348259783,-0.07999999999999963,0.0,0.20900000000000318
1992-10-01,0.004243287837866205,-0.1200000000000001,-0.2999999999999998,0.4291999999999945
1992-11-01,0.0028188884064199726,-0.010000000000000231,0.10000000000000053,0.24269999999999925
1992-12-01,0.0014064699927516244,-0.16999999999999993,0.0,0.10850000000000648
1993-01-01,0.003507544809678187,0.10000000000000009,-0.10000000000000053,0.2471000000000032
1993-02-01,0.0020986366569202275,0.009999999999999787,-0.20000000000000018,0.31109999999999616
1993-03-01,0.001396648271721368,0.040000000000000036,-0.09999999999999964,-0.05670000000000641
1993-04-01,0.0034831104528203483,-0.10999999999999988,0.09999999999999964,0.17790000000000816
1993-05-01,0.0027777795639023495,0.040000000000000036,0.0,-0.24609999999999843
1993-06-01,0.0006932409289763797,0.040000000000000036,-0.09999999999999964,0.1460999999999899
1993-07-01,0.0013850417726617437,0.020000000000000018,-0.09999999999999964,0.17510000000000048
1993-08-01,0.002073972399129431,-0.03000000000000025,-0.10000000000000053,-0.07849999999999113
1993-09-01,0.001380262468957838,0.06000000000000005,-0.09999999999999964,0.34499999999999886
1993-10-01,0.004129393342011234,-0.09999999999999964,0.09999999999999964,0.47919999999999163
1993-11-01,0.002743485945750912,0.029999999999999805,-0.20000000000000018,0.3008999999999986
1993-12-01,0.002052686317742136,-0.06000000000000005,-0.09999999999999964,0.3918000000000035
1994-01-01,0.0,0.08999999999999986,0.09999999999999964,0.1915000000000049
1994-02-01,0.002730377122857064,0.20000000000000018,0.0,0.03889999999999816
1994-03-01,0.002722942458456501,0.08999999999999986,-0.09999999999999964,0.681200000000004
1994-04-01,0.0006795786873841081,0.2200000000000002,-0.09999999999999964,0.3988999999999976
1994-05-01,0.0020359694850986543,0.44999999999999973,-0.3000000000000007,0.31220000000000425
1994-06-01,0.0027081939368791552,0.2400000000000002,0.0,0.4601999999999862
1994-07-01,0.0033749610165259014,0.009999999999999787,0.0,0.09130000000000393
1994-08-01,0.004034975212179326,0.20999999999999996,-0.09999999999999964,0.4607000000000028
1994-09-01,0.0020113985996852435,0.2600000000000007,-0.09999999999999964,0.21760000000000446
1994-10-01,0.0006695681535724418,0.02999999999999936,-0.10000000000000053,0.5583000000000027
1994-11-01,0.002673798384402737,0.5300000000000002,-0.20000000000000018,0.47819999999998686
1994-12-01,0.002000667556296243,0.16000000000000014,-0.09999999999999964,0.7197000000000031
1995-01-01,0.002661345549514138,0.08000000000000007,0.09999999999999964,0.12109999999999843
1995-02-01,0.0026542815848733525,0.3899999999999997,-0.1999999999999993,-0.08039999999999736
1995-03-01,0.001986097971629519,0.0600000000000005,0.0,0.11830000000000496
1995-04-01,0.003960401216096976,0.0699999999999994,0.39999999999999947,-0.12310000000000798
1995-05-01,0.0019743343037168515,-0.040000000000000036,-0.20000000000000018,0.34960000000000946
1995-06-01,0.0019704439872993973,-0.009999999999999787,0.0,0.2370999999999981
1995-07-01,0.0013114755978103076,-0.15000000000000036,0.10000000000000053,-0.3001000000000005
1995-08-01,0.001963994084659859,-0.10999999999999943,0.0,0.9475000000000051
1995-09-01,0.0013071897286218714,0.05999999999999961,-0.10000000000000053,0.2920999999999907
1995-10-01,0.002609264363613306,-0.040000000000000036,-0.09999999999999964,-0.12779999999999347
1995-11-01,0.0013020835172987688,0.040000000000000036,0.09999999999999964,0.19129999999999825
1995-12-01,0.0013003903002832828,-0.20000000000000018,0.0,0.25260000000000105
1996-01-01,0.005184716734186523,-0.040000000000000036,0.0,-0.41800000000000637
1996-02-01,0.001937359340226763,-0.33999999999999986,-0.09999999999999964,1.0627000000000066
1996-03-01,0.0032206147000417573,0.08999999999999986,0.0,-0.09020000000001005
1996-04-01,0.0038510959020978675,-0.08999999999999986,0.09999999999999964,0.732200000000006
1996-05-01,0.0019200005898243333,0.020000000000000462,0.0,0.5554000000000059
1996-06-01,0.0019163212507642413,0.02999999999999936,-0.2999999999999998,0.570699999999988
1996-07-01,0.001912655986332723,0.13000000000000078,0.20000000000000018,0.011600000000001387
1996-08-01,0.0012730746467983778,-0.1800000000000006,-0.40000000000000036,0.3862000000000023
1996-09-01,0.0031756139738865485,0.08000000000000007,0.10000000000000053,0.47469999999999857
1996-10-01,0.0031655613645611425,-0.05999999999999961,0.0,0.022599999999997067
1996-11-01,0.0031555721988096863,0.0699999999999994,0.20000000000000018,0.7013000000000034
1996-12-01,0.0025173078113773784,-0.019999999999999574,0.0,0.4936000000000007
1997-01-01,0.0018838310123738822,-0.040000000000000036,-0.10000000000000053,0.12290000000000134
1997-02-01,0.00188028886485192,-0.05999999999999961,-0.09999999999999964,0.9270999999999958
1997-03-01,0.0006259781112074592,0.1999999999999993,0.0,0.4986999999999995
1997-04-01,0.0006255865077342548,0.1200000000000001,-0.10000000000000053,0.09270000000000778
1997-05-01,0.0,-0.009999999999999787,-0.1999999999999993,0.4385999999999939
1997-06-01,0.0018744147943507983,0.05999999999999961,0.09999999999999964,0.36590000000001055
1997-07-01,0.0012476607981550814,-0.040000000000000036,-0.09999999999999964,0.6831999999999994
1997-08-01,0.002490661312451792,0.020000000000000462,-0.10000000000000053,0.806999999999988
1997-09-01,0.0024844733276614406,0.0,0.10000000000000053,0.7462000000000018
1997-10-01,0.0018593125901835705,-0.040000000000000036,-0.20000000000000018,0.7289999999999992
1997-11-01,0.0012376239203497619,0.019999999999999574,-0.10000000000000053,0.6532000000000124
1997-12-01,0.0006182380413308763,-0.019999999999999574,0.10000000000000053,0.35599999999999454
1998-01-01,0.001235330607991969,0.05999999999999961,-0.10000000000000053,0.367999999999995
1998-02-01,0.0,-0.04999999999999982,0.0,0.13649999999999807
1998-03-01,0.0,-0.019999999999999574,0.10000000000000053,0.02970000000000539
1998-04-01,0.001233806448929009,-0.040000000000000036,-0.40000000000000036,0.28990000000000293
1998-05-01,0.002463055432397887,0.040000000000000036,0.10000000000000053,0.5587999999999909
1998-06-01,0.0012292564547298213,0.0699999999999994,0.09999999999999964,-0.5118999999999971
1998-07-01,0.0024539889615660115,-0.019999999999999574,0.0,-0.32620000000000005
1998-08-01,0.0012247398958962208,0.009999999999999787,0.0,1.7494000000000085
1998-09-01,0.0006118079114054709,-0.040000000000000036,0.09999999999999964,-0.04590000000000316
1998-10-01,0.0024434954124759045,-0.4399999999999995,-0.09999999999999964,0.5892999999999944
1998-11-01,0.0012195123462612756,-0.2400000000000002,-0.09999999999999964,-0.06579999999999586
1998-12-01,0.0018264845260347329,-0.15000000000000036,0.0,0.39289999999999736
1999-01-01,0.001823154561514606,-0.04999999999999982,-0.10000000000000053,0.37640000000000384
1999-02-01,0.0,0.1299999999999999,0.10000000000000053,0.5320999999999998
1999-03-01,0.0006069802917769707,0.04999999999999982,-0.20000000000000018,0.19969999999999288
1999-04-01,0.006652579721027507,-0.0699999999999994,0.09999999999999964,0.20280000000001053
1999-05-01,0.0006025911601446055,0.0,-0.09999999999999964,0.5591000000000008
1999-06-01,0.0,0.019999999999999574,0.09999999999999964,-0.06980000000000075
1999-07-01,0.0042080014002046084,0.23000000000000043,0.0,0.5144999999999982
1999-08-01,0.002396645844600087,0.08000000000000007,-0.09999999999999964,0.359099999999998
1999-09-01,0.004180358431757902,0.14999999999999947,0.0,-0.36249999999999716
1999-10-01,0.0017862463814637408,-0.019999999999999574,-0.10000000000000053,1.0930999999999926
1999-11-01,0.001783061393656027,0.21999999999999975,0.0,0.4388000000000005
1999-12-01,0.0023724803536309125,-0.1200000000000001,-0.09999999999999964,0.7015999999999991
2000-01-01,0.0029577069772326325,0.15000000000000036,0.0,-0.12539999999999907
2000-02-01,0.004126147911172495,0.28000000000000025,0.09999999999999964,0.28589999999999804
2000-03-01,0.005865119452398204,0.11999999999999922,-0.09999999999999964,0.32650000000001
2000-04-01,-0.0005849663811146044,0.16999999999999993,-0.20000000000000018,0.54849999999999
2000-05-01,0.0017538735860958,0.25,0.20000000000000018,0.2510000000000048
2000-06-01,0.00582412828598855,0.2600000000000007,0.0,0.03629999999999711
2000-07-01,0.00289939315900245,0.009999999999999787,0.0,-0.18139999999999645
2000-08-01,0.0,-0.040000000000000036,0.09999999999999964,-0.25270000000000437
2000-09-01,0.00519781707361755,0.019999999999999574,-0.19999999999999973,0.42710000000001
2000-10-01,0.001726619133987306,-0.009999999999999787,0.0,-0.36129999999999995
2000-11-01,0.0017236430581650808,0.0,0.0,0.02589999999999293
2000-12-01,0.002293578987099032,-0.10999999999999943,0.0,-0.30230000000000246
2001-01-01,0.005711037795514962,-0.41999999999999993,0.30000000000000027,-0.43949999999999534
2001-02-01,0.0022753138371349735,-0.4900000000000002,0.0,-0.5986000000000047
2001-03-01,0.0005680204640086117,-0.1800000000000006,0.09999999999999964,-0.18719999999999004
2001-04-01,0.0017021280705309394,-0.5099999999999998,0.10000000000000053,-0.3271000000000015
2001-05-01,0.005089069507471677,-0.5899999999999999,-0.10000000000000053,-0.43359999999999843
2001-06-01,0.002253522080443382,-0.23999999999999977,0.20000000000000018,-0.4771000000000072
2001-07-01,-0.001689665285127262,-0.20000000000000018,0.09999999999999964,-0.5755999999999943
2001-08-01,0.0,-0.1200000000000001,0.3000000000000007,-0.10250000000000625
2001-09-01,0.003938120420137636,-0.5800000000000001,0.09999999999999964,-0.45179999999999154
2001-10-01,-0.002811359737546759,-0.5799999999999996,0.2999999999999998,-0.24330000000000496
2001-11-01,-0.0005632216425990322,-0.40000000000000036,0.20000000000000018,-0.5352000000000032
2001-12-01,-0.000563539039991845,-0.2699999999999998,0.20000000000000018,-0.037599999999997635
2002-01-01,0.001689665285127262,-0.09000000000000008,0.0,0.5852000000000004
2002-02-01,0.001686815131479058,0.010000000000000009,0.0,0.010199999999997544
2002-03-01,0.002805050927608299,-0.010000000000000009,0.0,0.6407999999999987
2002-04-01,0.00447177939139376,0.020000000000000018,0.20000000000000018,0.43540000000000134
2002-05-01,0.0011148273172461032,0.0,-0.10000000000000053,0.35999999999999943
2002-06-01,0.0005569479397662391,0.0,0.0,0.7421000000000078
2002-07-01,0.0022246950221109785,-0.020000000000000018,0.0,-0.029200000000003
2002-08-01,0.002773926882725597,0.010000000000000009,-0.09999999999999964,-0.10070000000000334
2002-09-01,0.0016606701851404893,0.010000000000000009,0.0,0.07689999999999486
2002-10-01,0.0022099456508026805,0.0,0.0,-0.18880000000000052
2002-11-01,0.0016542600960258724,-0.4099999999999999,0.20000000000000018,0.5068000000000126
2002-12-01,0.0016515280384732378,-0.10000000000000009,0.09999999999999964,-0.5059000000000111
2003-01-01,0.004390786417490133,0.0,-0.20000000000000018,0.7708999999999975
2003-02-01,0.005461510025521754,0.020000000000000018,0.10000000000000053,0.10840000000000316
2003-03-01,0.0016326534238855217,-0.010000000000000009,0.0,-0.2400999999999982
2003-04-01,-0.0038136793702454597,0.010000000000000009,0.09999999999999964,-0.5426999999999964
2003-05-01,-0.0016388968432101692,0.0,0.09999999999999964,-0.024699999999995725
2003-06-01,0.0010928962836445066,-0.040000000000000036,0.20000000000000018,0.1156999999999897
2003-07-01,0.003271540540615625,-0.20999999999999996,-0.09999999999999964,0.46580000000000155
2003-08-01,0.0043454712595014655,0.020000000000000018,-0.10000000000000053,-0.19879999999999143
2003-09-01,0.0032467560988704847,-0.020000000000000018,0.0,0.586199999999991
2003-10-01,-0.0010810811863732894,0.0,-0.09999999999999964,0.1127000000000038
2003-11-01,0.0005406866852455394,-0.010000000000000009,-0.20000000000000018,0.6143000000000001
2003-12-01,0.00269905696916517,-0.020000000000000018,-0.09999999999999964,0.02729999999999677
2004-01-01,0.004303395560053325,0.020000000000000018,0.0,0.14039999999999964
2004-02-01,0.002144772940133599,0.010000000000000009,-0.10000000000000053,0.5574000000000012
2004-03-01,0.0021401827323677125,-0.010000000000000009,0.20000000000000018,-0.37189999999999657
2004-04-01,0.00160213652427732,0.0,-0.20000000000000018,0.343900000000005
2004-05-01,0.004259857346958107,0.0,0.0,0.671299999999988
2004-06-01,0.003712547356184537,0.030000000000000027,0.0,-0.7302999999999997
2004-07-01,0.001058201156947547,0.22999999999999998,-0.09999999999999964,0.6938999999999993
2004-08-01,0.0005286809533657788,0.16999999999999993,-0.09999999999999964,0.06280000000000996
2004-09-01,0.0031662295580501265,0.18000000000000016,0.0,0.11899999999999977
2004-10-01,0.005254872838358793,0.1499999999999999,0.09999999999999964,0.7997999999999905
2004-11-01,0.0047058910374122576,0.16999999999999993,-0.09999999999999964,0.234800000000007
2004-12-01,0.0,0.2300000000000002,0.0,0.7552000000000021
2005-01-01,-0.0005217845148388633,0.11999999999999966,-0.10000000000000053,0.343599999999995
2005-02-01,0.004166672694846163,0.2200000000000002,0.10000000000000053,0.695999999999998
2005-03-01,0.0036316512028626846,0.1299999999999999,-0.20000000000000018,-0.13049999999999784
2005-04-01,0.0031023809784818113,0.16000000000000014,0.0,0.20759999999999934
2005-05-01,-0.0005163955704734491,0.20999999999999996,-0.10000000000000053,0.0870000000000033
2005-06-01,0.0005163955704734491,0.040000000000000036,-0.09999999999999964,0.4350999999999914
2005-07-01,0.006176036100564275,0.21999999999999975,0.0,-0.307699999999997
2005-08-01,0.006138126688785661,0.2400000000000002,-0.09999999999999964,0.31570000000000675
2005-09-01,0.013674561020173392,0.1200000000000001,0.09999999999999964,-1.8828000000000031
2005-10-01,0.0015079168476770377,0.1599999999999997,0.0,1.1567000000000007
2005-11-01,-0.005035257365645585,0.2200000000000002,0.0,1.0841999999999956
2005-12-01,0.0,0.16000000000000014,-0.09999999999999964,0.5037999999999982
2006-01-01,0.006039273514243604,0.1299999999999999,-0.20000000000000018,0.1547000000000054
2006-02-01,0.0005016303089888652,0.20000000000000018,0.09999999999999964,0.041399999999995885
2006-03-01,0.001503382894031624,0.09999999999999964,-0.09999999999999964,0.22150000000000603
2006-04-01,0.004995015380522716,0.20000000000000018,0.0,0.2989999999999924
2006-05-01,0.0029850768434540598,0.15000000000000036,-0.10000000000000053,0.025100000000009004
2006-06-01,0.002480775273762781,0.04999999999999982,0.0,0.31279999999999575
2006-07-01,0.0054361389122599135,0.25,0.10000000000000053,-0.05079999999999529
2006-08-01,0.004425873956855675,0.009999999999999787,0.0,0.4346999999999923
2006-09-01,-0.004918849071596121,0.0,-0.20000000000000018,-0.165300000000002
2006-10-01,-0.0044477463982364185,0.0,-0.09999999999999964,-0.11389999999998679
2006-11-01,0.00049517208241312,0.0,0.09999999999999964,-0.041700000000005844
2006-12-01,0.00543077118513402,-0.009999999999999787,-0.09999999999999964,1.0108000000000033
2007-01-01,0.0016579060562325054,0.009999999999999787,0.1999999999999993,-0.3389000000000095
2007-02-01,0.0038708491335395223,0.009999999999999787,-0.09999999999999964,0.9407000000000068
2007-03-01,0.0051866474931996365,0.0,-0.09999999999999964,0.17940000000000111
2007-04-01,0.002996169481998656,-0.009999999999999787,0.09999999999999964,0.6786999999999921
2007-05-01,0.004124476656923726,0.0,-0.09999999999999964,0.09720000000000084
2007-06-01,0.0023140721794590036,0.0,0.1999999999999993,0.05870000000000175
2007-07-01,0.0017790124666809959,0.009999999999999787,0.10000000000000053,-0.1221000000000032
2007-08-01,0.0003082332001183019,-0.2400000000000002,-0.10000000000000053,0.19580000000000553
2007-09-01,0.004228600245438585,-0.07999999999999918,0.10000000000000053,0.22639999999999816
2007-10-01,0.0030784944010990856,-0.1800000000000006,0.0,-0.2878999999999934
2007-11-01,0.007828164082873457,-0.2699999999999996,0.0,0.5430999999999955
2007-12-01,0.0028938234029487475,-0.25,0.2999999999999998,0.035700000000005616
2008-01-01,0.003441775367173605,-0.30000000000000027,0.0,-0.1355000000000075
2008-02-01,0.002414908637454083,-0.96,-0.09999999999999964,-0.40099999999999625
2008-03-01,0.00357164189274517,-0.3700000000000001,0.1999999999999993,-0.3101999999999947
2008-04-01,0.002311706965508087,-0.33000000000000007,-0.09999999999999964,-0.6551000000000045
2008-05-01,0.005900052068123607,-0.2999999999999998,0.40000000000000036,-0.6111000000000075
2008-06-01,0.010423718797166082,0.020000000000000018,0.1999999999999993,-0.23389999999999134
2008-07-01,0.0071160653935047335,0.009999999999999787,0.20000000000000018,-0.3575000000000017
2008-08-01,-0.0014895846082954023,-0.009999999999999787,0.2999999999999998,-1.5649000000000086
2008-09-01,0.000854726299673203,-0.18999999999999995,0.0,-4.3215999999999894
2008-10-01,-0.00863561639955801,-0.8400000000000001,0.40000000000000036,0.9324000000000012
2008-11-01,-0.017864094092818306,-0.58,0.2999999999999998,-1.250399999999999
2008-12-01,-0.008267605054081528,-0.23,0.5,-2.6358000000000033
2009-01-01,0.002527574332266802,-0.010000000000000009,0.5,-2.2657000000000096
2009-02-01,0.0036360422314452023,0.07,0.5000000000000009,-0.5389999999999873
2009-03-01,-0.0009877705412728588,-0.04000000000000001,0.3999999999999986,-1.3782000000000068
2009-04-01,0.001006575752197314,-0.03,0.3000000000000007,-0.7184000000000026
2009-05-01,0.0014704123326474416,0.03,0.40000000000000036,-0.8678999999999917
2009-06-01,0.00826535985544119,0.03,0.09999999999999964,-0.3205999999999989
2009-07-01,-0.000298009855155712,-0.04999999999999999,0.0,0.956799999999987
2009-08-01,0.003342859790879338,0.0,0.09999999999999964,0.9399000000000086
2009-09-01,0.001929025466836265,-0.010000000000000009,0.20000000000000107,0.7637
2009-10-01,0.002997434998585291,-0.03,0.1999999999999993,0.23560000000000514
2009-11-01,0.003342996544930976,0.0,-0.09999999999999964,0.3801999999999879
2009-12-01,0.0005200411547976458,0.0,0.0,0.35720000000000596
2010-01-01,0.0006485218758465194,-0.009999999999999995,-0.09999999999999964,0.9633000000000038
2010-02-01,-0.0009522298767450366,0.020000000000000004,0.0,0.3352999999999895
2010-03-01,0.0003313132458968582,0.03,0.09999999999999964,0.6149000000000058
2010-04-01,0.00023001407787592854,0.04000000000000001,0.0,0.30630000000000734
2010-05-01,-0.0005199071645751729,0.0,-0.3000000000000007,1.2238999999999862
2010-06-01,-0.0004188828777280662,-0.020000000000000018,-0.1999999999999993,0.16980000000000928
2010-07-01,0.0018675086613582081,0.0,0.0,0.3492999999999995
2010-08-01,0.0014602967272390188,0.010000000000000009,0.09999999999999964,0.33839999999999293
2010-09-01,0.001613946310657255,0.0,0.0,0.2732000000000028
2010-10-01,0.003475798701795263,0.0,-0.09999999999999964,-0.2634000000000043
2010-11-01,0.0025306368592339368,0.0,0.40000000000000036,0.080600000000004
2010-12-01,0.004008531438849161,-0.010000000000000009,-0.5,0.9078000000000088
2011-01-01,0.0032377948808059998,-0.009999999999999981,-0.20000000000000107,-0.1973000000000127
2011-02-01,0.0032093192514253133,-0.010000000000000009,-0.09999999999999964,-0.37119999999998754
2011-03-01,0.005160211385656588,-0.01999999999999999,0.0,0.968599999999995
2011-04-01,0.004683116049055691,-0.04000000000000001,0.09999999999999964,-0.3038999999999987
2011-05-01,0.0031766637911196938,-0.010000000000000009,-0.09999999999999964,0.11310000000000286
2011-06-01,0.0,0.0,0.09999999999999964,0.2839999999999918
2011-07-01,0.002616610518663798,-0.01999999999999999,-0.09999999999999964,0.46399999999999864
2011-08-01,0.0031494972889110073,0.03,0.0,0.6389000000000067
2011-09-01,0.0021691934558836223,-0.020000000000000004,0.0,-0.07880000000000109
2011-10-01,0.0006749796769751626,-0.009999999999999995,-0.1999999999999993,0.6607000000000056
2011-11-01,0.0018461448804947267,0.009999999999999995,-0.20000000000000107,-0.008300000000005525
2011-12-01,0.00023768024196879622,-0.009999999999999995,-0.09999999999999964,0.5086000000000013
2012-01-01,0.002720492157261667,0.009999999999999995,-0.1999999999999993,0.5746999999999929
2012-02-01,0.0021351650368677255,0.020000000000000004,0.0,0.31170000000000186
2012-03-01,0.0020912821313983088,0.03,-0.10000000000000142,-0.5035000000000025
2012-04-01,0.001659410766074565,0.010000000000000009,0.0,0.6959000000000088
2012-05-01,-0.002070321770282213,0.01999999999999999,0.0,0.22499999999999432
2012-06-01,-0.0008267047975740738,0.0,0.0,0.005400000000008731
2012-07-01,0.00028876823050083544,0.0,0.0,0.2049999999999983
2012-08-01,0.005792717743123177,-0.03,-0.09999999999999964,-0.4188000000000045
2012-09-01,0.004759919863458251,0.010000000000000009,-0.2999999999999998,-0.07150000000000034
2012-10-01,0.002693164754400179,0.01999999999999999,0.0,0.3383000000000038
2012-11-01,-0.0016807561740774801,0.0,-0.09999999999999964,0.35839999999998895
2012-12-01,-0.00012108893564644063,0.0,0.20000000000000018,0.2324000000000126
2013-01-01,0.001978829766479784,-0.01999999999999999,0.09999999999999964,0.02409999999999002
2013-02-01,0.0054152378489549235,0.009999999999999981,-0.2999999999999998,0.45990000000000464
2013-03-01,-0.0028158799739523843,-0.009999999999999981,-0.20000000000000018,0.39799999999999613
2013-04-01,-0.002090162134340545,0.009999999999999981,0.09999999999999964,-0.08559999999999945
2013-05-01,0.0004140697507883928,-0.039999999999999994,-0.09999999999999964,0.07739999999999725
2013-06-01,0.0023775795219549423,-0.020000000000000004,0.0,0.20580000000001064
2013-07-01,0.001955538987195915,0.0,-0.20000000000000018,-0.3083000000000027
2013-08-01,0.0023844456313710793,-0.009999999999999995,-0.09999999999999964,0.5729000000000042
2013-09-01,0.0003768736661315941,0.0,0.0,0.506699999999995
2013-10-01,0.0005350878634899914,0.009999999999999995,0.0,-0.07900000000000773
2013-11-01,0.0018427904455773358,-0.009999999999999995,-0.2999999999999998,0.23380000000000223
2013-12-01,0.002640679493365994,0.009999999999999995,-0.20000000000000018,0.20170000000000243
2014-01-01,0.0024212417175748513,-0.01999999999999999,-0.10000000000000053,-0.357600000000005
2014-02-01,0.0011001732077007276,0.0,0.10000000000000053,0.7569000000000017
2014-03-01,0.002039973140249174,0.009999999999999995,0.0,0.9774000000000029
2014-04-01,0.0018624501675628125,0.009999999999999995,-0.5,0.09860000000000468
2014-05-01,0.0019011974817404464,0.0,0.09999999999999964,0.3907999999999987
2014-06-01,0.0013202602787965034,0.010000000000000009,-0.20000000000000018,0.35139999999999816
2014-07-01,0.0011248524027509532,-0.010000000000000009,0.10000000000000053,0.22820000000000107
2014-08-01,-0.00016001414896038568,0.0,-0.10000000000000053,-0.19440000000000168
2014-09-01,7.158844228705163e-05,0.0,-0.1999999999999993,0.29529999999999745
2014-10-01,-0.0001979334907824537,0.0,-0.20000000000000018,0.012300000000010414
2014-11-01,-0.0018844345845421273,0.0,0.09999999999999964,0.6361999999999881
2014-12-01,-0.0030893766581243653,0.03,-0.20000000000000018,-0.008199999999987995
2015-01-01,-0.0063906934924871095,-0.009999999999999995,0.10000000000000053,-0.8139000000000038
2015-02-01,0.0025314368884981064,0.0,-0.20000000000000018,-0.6569999999999965
2015-03-01,0.0026903295965814422,0.0,-0.09999999999999964,-0.34210000000000207
2015-04-01,0.0010419358923821065,0.009999999999999995,0.0,-0.5559000000000083
2015-05-01,0.0032923197040535257,0.0,0.1999999999999993,-0.44719999999999516
2015-06-01,0.0027640971717151075,0.010000000000000009,-0.2999999999999998,-0.317300000000003
2015-07-01,0.0015850629039944053,0.0,-0.09999999999999964,0.6518000000000086
2015-08-01,-4.2010893430699525e-06,0.010000000000000009,-0.10000000000000053,-0.18610000000001037
2015-09-01,-0.0022501171352722338,0.0,-0.09999999999999964,-0.2819999999999965
2015-10-01,0.00098899280204634,-0.020000000000000018,0.0,-0.4872000000000014
2015-11-01,0.0011939045033511064,0.0,0.09999999999999964,-0.7377000000000038
2015-12-01,-0.001076132249516526,0.12,-0.09999999999999964,-0.48809999999998865
2016-01-01,-0.00045854868045225317,0.10000000000000003,-0.20000000000000018,0.5189999999999912
2016-02-01,-0.0013305601262363353,0.03999999999999998,0.10000000000000053,-0.5161999999999978
2016-03-01,0.003129893008927631,-0.020000000000000018,0.09999999999999964,-0.7348999999999961
2016-04-01,0.0038233269232099687,0.010000000000000009,0.09999999999999964,0.332499999999996
2016-05-01,0.0023613057911546775,0.0,-0.2999999999999998,-0.2236999999999938
2016-06-01,0.002772111434034663,0.010000000000000009,0.10000000000000053,0.4649000000000001
2016-07-01,-0.0005038276433131372,0.010000000000000009,-0.10000000000000053,0.11589999999999634
2016-08-01,0.0018475140801852419,0.010000000000000009,0.10000000000000053,-0.14920000000000755
2016-09-01,0.0026197751847689688,0.0,0.09999999999999964,-0.10429999999999495
2016-10-01,0.002339947683755561,0.0,-0.09999999999999964,0.015399999999999636
2016-11-01,0.001178253303642407,0.009999999999999953,-0.20000000000000018,-0.41199999999999193
2016-12-01,0.0025213409056821234,0.13000000000000006,0.0,0.6722999999999928
2017-01-01,0.004034925423658464,0.10999999999999999,0.0,-0.26030000000000086
2017-02-01,0.0015913904232975895,0.010000000000000009,-0.10000000000000053,-0.3965000000000032
2017-03-01,-0.0004673107988741876,0.13,-0.1999999999999993,0.6491000000000042
2017-04-01,0.0012333918811604505,0.10999999999999999,0.0,1.0087000000000046
2017-05-01,-0.0007742776356360892,0.010000000000000009,0.0,0.11839999999999407
2017-06-01,0.0006514164440556414,0.13,-0.10000000000000053,0.20629999999999882
2017-07-01,0.0003275963060049847,0.10999999999999988,0.0,-0.24029999999999063
2017-08-01,0.0038412391487883113,0.010000000000000009,0.10000000000000053,-0.41430000000001144
2017-09-01,0.005093396526107519,-0.010000000000000009,-0.10000000000000053,0.10290000000000532
2017-10-01,0.0007747520471248492,0.0,-0.09999999999999964,1.229299999999995
2017-11-01,0.0026644546143197445,0.010000000000000009,0.0,0.24170000000000869
2017-12-01,0.0021046728661735514,0.14000000000000012,-0.10000000000000053,0.1979999999999933
2018-01-01,0.004244324461827986,0.10999999999999988,-0.09999999999999964,-0.0018999999999920192
2018-02-01,0.0026886698861776637,0.010000000000000009,0.09999999999999964,0.2459999999999951
2018-03-01,0.00019234391150568797,0.09000000000000008,-0.09999999999999964,0.4981999999999971
2018-04-01,0.002601021066075404,0.17999999999999994,0.0,1.1261999999999972
2018-05-01,0.0022554044437663734,0.010000000000000009,-0.20000000000000018,-0.930499999999995
2018-06-01,0.0009007393845479328,0.1200000000000001,0.20000000000000018,0.7955999999999932
2018-07-01,0.0007805158171940718,0.08999999999999986,-0.20000000000000018,0.16660000000000252
2018-08-01,0.0017857254132316314,0.0,0.0,0.6681000000000097
2018-09-01,0.0020601581183248285,0.040000000000000036,-0.09999999999999964,0.06769999999998788
2018-10-01,0.002336847588066071,0.24,0.09999999999999964,-0.11479999999998824
2018-11-01,-0.0007044399795823608,0.010000000000000231,0.0,0.08249999999999602
2018-12-01,0.0006846591120321932,0.06999999999999984,0.10000000000000009,0.02549999999999386
2019-01-01,-0.0008153120801193126,0.1299999999999999,0.10000000000000009,-0.6914999999999907
2019-02-01,0.0029967603671732235,0.0,-0.20000000000000018,-0.5649999999999977
2019-03-01,0.0037746599164281136,0.010000000000000231,0.0,0.0385999999999882
2019-04-01,0.0037526294749232747,0.009999999999999787,-0.09999999999999964,-0.6016999999999939
2019-05-01,0.0002468028273403533,-0.029999999999999805,-0.10000000000000009,0.117999999999995
2019-06-01,-0.0003251656708549433,-0.010000000000000231,0.0,0.04550000000000409
2019-07-01,0.0023052171103783436,0.020000000000000018,0.10000000000000009,-0.49670000000000414
2019-08-01,0.0009143518703291775,-0.27,-0.10000000000000009,0.6981999999999999
2019-09-01,0.0015376632893948639,-0.08999999999999986,-0.10000000000000009,-0.34729999999998995
2019-10-01,0.0028232930540426082,-0.20999999999999996,0.10000000000000009,-0.8636000000000053
2019-11-01,0.0028114667260625836,-0.28,0.0,0.5091000000000037
2019-12-01,0.0029079862276493174,0.0,0.0,-0.23690000000000566
2020-01-01,0.001919820118897242,0.0,0.0,-0.6664999999999992
2020-02-01,0.00047455810079632954,0.030000000000000027,-0.10000000000000009,0.33970000000000766
2020-03-01,-0.004538731922905548,-0.93,0.9000000000000004,-3.9657000000000124
2020-04-01,-0.007951678519018124,-0.6,10.4,-12.8459
2020-05-01,-0.0008987289452484504,0.0,-1.6000000000000014,1.3985000000000127
2020-06-01,0.004835787945001613,0.03,-2.1999999999999993,5.632999999999996
2020-07-01,0.005083500471799063,0.009999999999999995,-0.8000000000000007,3.4321999999999946
2020-08-01,0.003724399090982544,0.010000000000000009,-1.799999999999999,0.9292999999999978
2020-09-01,0.002622697257172568,-0.010000000000000009,-0.6000000000000005,0.012000000000000455
2020-10-01,0.0012377095499918056,0.0,-0.8999999999999995,0.772500000000008
2020-11-01,0.0022715509642852183,0.0,-0.20000000000000018,0.3421999999999912
2020-12-01,0.004336891736264725,0.0,0.0,1.281400000000005
2021-01-01,0.002264220954979912,0.0,-0.2999999999999998,0.5191999999999979
2021-02-01,0.003549903768219842,-0.009999999999999995,-0.20000000000000018,-3.2672999999999917
2021-03-01,0.004821931298899962,-0.009999999999999995,-0.10000000000000053,2.770699999999991
2021-04-01,0.006690876031452575,0.0,0.0,0.17310000000000514
2021-05-01,0.006650131324619224,-0.010000000000000009,-0.2999999999999998,0.8746000000000009
2021-06-01,0.008554829085201554,0.020000000000000004,0.10000000000000053,0.36539999999999395
2021-07-01,0.004625244344546253,0.020000000000000004,-0.5,0.4532000000000096
2021-08-01,0.0028895758626878987,-0.010000000000000009,-0.3000000000000007,-0.20820000000000505
2021-09-01,0.004353447740258254,-0.009999999999999995,-0.39999999999999947,-1.1858000000000004
2021-10-01,0.009395676509309503,0.0,-0.20000000000000018,1.3281999999999954
2021-11-01,0.008268676737057667,0.0,-0.2999999999999998,0.6792999999999978
2021-12-01,0.007083281049546919,0.0,-0.30000000000000027,-0.2927999999999997
2022-01-01,0.006163172657454474,0.0,0.10000000000000009,-0.38700000000000045
2022-02-01,0.00699391106575753,0.0,-0.20000000000000018,0.6208000000000027
2022-03-01,0.010286947872727659,0.12000000000000001,-0.09999999999999964,0.5842999999999989
2022-04-01,0.0038712032916254913,0.13,0.0,0.04930000000000234
2022-05-01,0.00937095674013122,0.44,-0.10000000000000009,-0.10649999999999693
2022-06-01,0.012869163284292995,0.43999999999999995,0.0,-0.3155000000000001
2022-07-01,-0.00044744853393652306,0.47,-0.10000000000000009,0.2049999999999983
2022-08-01,0.0007524123303204178,0.6500000000000001,0.10000000000000009,-0.1266999999999996
2022-09-01,0.0042563829614890025,0.22999999999999998,-0.10000000000000009,0.19549999999999557
2022-10-01,0.005242273109029583,0.52,0.10000000000000009,-0.03889999999999816
2022-11-01,0.0024434933649217783,0.6999999999999997,0.0,-0.29769999999999186
2022-12-01,0.0003347190734093175,0.31999999999999984,-0.10000000000000009,-1.1888000000000005
2023-01-01,0.005500093963505925,0.23000000000000043,0.0,0.738599999999991
2023-02-01,0.0033890903833135866,0.2400000000000002,0.10000000000000009,0.1366000000000014
2023-03-01,0.0005537879067576412,0.08000000000000007,-0.10000000000000009,0.37890000000000157
2023-04-01,0.004019849879877135,0.17999999999999972,-0.10000000000000009,0.2325000000000017
2023-05-01,0.0015111175575093228,0.22999999999999954,0.20000000000000018,-0.32439999999999714
2023-06-01,0.002578139933007151,0.020000000000000462,0.0,-0.8089999999999975
2023-07-01,0.0016953778739940972,0.040000000000000036,-0.10000000000000009,0.7870999999999952
2023-08-01,0.004987296523514928,0.20999999999999996,0.20000000000000018,-0.06740000000000634
2023-09-01,0.004029266492597827,0.0,0.09999999999999964,0.18180000000000973
2023-10-01,0.0009072773037228643,0.0,0.10000000000000009,-0.5521999999999991
2023-11-01,0.0014096861398344984,0.0,-0.19999999999999973,0.394999999999996
2023-12-01,0.002101093146444022,0.0,0.09999999999999964,-0.26080000000000325
2024-01-01,0.003424256695411465,0.0,-0.09999999999999964,-1.3807999999999936
2024-02-01,0.003956088765693977,0.0,0.19999999999999973,1.0626999999999924
2024-03-01,0.0034824285068122407,0.0,0.0,0.17249999999999943
2024-04-01,0.0029082297105631483,0.0,0.0,-0.21410000000000196
2024-05-01,0.00039606743885212126,0.0,0.10000000000000009,0.6196000000000055
2024-06-01,-2.8741551183486536e-05,0.0,0.09999999999999964,0.03100000000000591
2024-07-01,0.0013882308990167402,0.0,0.10000000000000053,-0.9183000000000021
2024-08-01,0.0018002321266132881,0.0,0.0,0.4551999999999907
2024-09-01,0.002289414687495217,-0.20000000000000018,-0.10000000000000053,-0.6224999999999881
2024-10-01,0.0022620029790365592,-0.2999999999999998,0.0,-0.3389000000000095
2024-11-01,0.0028005771350851916,-0.1900000000000004,0.10000000000000053,-0.1769999999999925
2024-12-01,0.003640084012757505,-0.15999999999999925,-0.10000000000000053,1.03479999999999
2025-01-01,0.004658483755614284,-0.15000000000000036,-0.09999999999999964,-0.26259999999999195
2025-02-01,0.0021569645576446916,0.0,0.09999999999999964,1.0345999999999975
2025-03-01,-0.0005004770276029191,0.0,0.10000000000000053,-0.05889999999999418
2025-04-01,0.002206471542250732,0.0,0.0,0.08749999999999147
2025-05-01,0.000808237197630568,0.0,0.0,-0.162399999999991
2025-06-01,0.0028656884799387328,0.0,-0.10000000000000053,0.512999999999991
2025-07-01,0.0019638557533534495,0.0,0.10000000000000053,0.395300000000006
2025-08-01,0.0038172242615797103,0.0,0.09999999999999964,-0.27190000000000225
2025-09-01,0.0031000500332307723,-0.11000000000000032,0.10000000000000053,0.07099999999999795
2025-11-01,0.0020418886704609562,-0.33999999999999986,0.1999999999999993,0.12059999999999604
